lat,lon,nodes,distance
20.99404918961227,105.8697940595448,"[5629422892, 6684913290]",32.446371
20.99414985626936,105.86975365877151,"[5629422892, 6684913290]",36.502941
20.99416946992278,105.86974502541125,"[5629422892, 6684913290]",37.438778
20.994312381371856,105.86980059742928,"[5629422892, 6684913290]",31.406534
20.99436543881893,105.86981551721692,"[5629422892, 6684913290]",29.742803
20.99457113072276,105.86982079781592,"[5629422892, 6684913290]",29.014924
20.99489844404161,105.86977972649038,"[5629422892, 5629422891]",20.041161
20.994930965825915,105.86977913975716,"[5629422892, 5629422891]",16.388232
20.99501713179052,105.86978844366968,"[5629422892, 5629422891]",6.864884
20.995266241952777,105.86977268569171,"[5629422892, 5629422891]",20.70535
20.99543161690235,105.86970688775182,"[5629422892, 5629422891]",39.196742
20.995579725131392,105.86972985416651,"[6684913288, 5710081004]",37.124851
20.995732443407178,105.86976354941726,"[6684913288, 5710081004]",33.485297
20.995962023735046,105.86961586028337,"[5629422894, 5629422893]",37.532404
20.995983984321356,105.869659781456,"[5629422894, 5629422893]",35.096846
20.9960144944489,105.86966992355883,"[5629422894, 5629422893]",31.88636
20.996203254908323,105.86973639205098,"[5629422894, 5629422893]",10.960905
20.99623242393136,105.86973773315549,"[5629422894, 5629422893]",7.750484
20.99637608975172,105.8697229810059,"[5629422894, 5629422893]",8.193291
20.996401738375425,105.86969624273479,"[5629422894, 5629422893]",11.071611
20.996422190219164,105.86967394687235,"[5629422894, 5629422893]",13.285755
20.996527634561062,105.86956489831209,"[11173421916, 11173421915]",23.673042
20.99655931815505,105.86956012062728,"[11173421916, 11173421915]",20.339
20.99671329371631,105.86947252973914,"[11173421916, 11173421915]",1.217824
20.996714551001787,105.86946456693113,"[11173421916, 11173421915]",0.996401
20.9966794308275,105.86941947229207,"[11173421916, 11173421915]",4.982005
20.996668953448534,105.86937496438622,"[11173421916, 11173421915]",6.089118
20.996652776375413,105.8693207334727,"[11173421916, 11173421915]",7.749786
20.996639616787434,105.86931578814983,"[11173421916, 11173421915]",9.189032
20.996622936800122,105.86931612342596,"[11173421916, 11173421915]",11.071611
20.99661053158343,105.86926977150142,"[11173421916, 11173421915]",12.400094
20.99660759791732,105.8692070748657,"[11173421916, 11173421915]",12.732216
20.99660717882216,105.869136499241,"[11173421915, 5629422898]",8.319883
20.9965480864048,105.86891018785536,"[10284870893, 10284870902]",7.071274
20.996580189093947,105.86871715262532,"[10284870903, 5629422895]",13.036799
20.99659309722483,105.86867943406105,"[10284870903, 5629422895]",9.047749
20.996651854366064,105.86854976601899,"[10284870903, 5629422895]",4.263563
20.996688483282924,105.86855202913284,"[10284870903, 5629422895]",4.055584
20.99687204696238,105.86846183985472,"[10284870822, 4022914505]",2.546358
20.997055023908615,105.86843677796423,"[10139175537, 10139175538]",14.281749
20.997248981148005,105.86847743019462,"[11289952330, 11289952329]",19.344867
20.997279742732644,105.86848195642233,"[11289952330, 11289952329]",18.824999
20.9974442794919,105.86849855259061,"[11289952331, 11289952330]",1.77138
20.997641254216433,105.86844499222934,"[11289952331, 11289952330]",20.038733
20.997683918103576,105.8684348501265,"[8265788863, 5707840047]",20.892644
20.99786488339305,105.86838388815522,"[8265788863, 5707840047]",18.439452
20.99788885563612,105.86837265640497,"[8265788863, 5707840047]",18.536255
20.997944762930274,105.868348935619,"[8265788863, 5707840047]",18.536255
20.997953480109572,105.86832177825272,"[8265788863, 5707840047]",20.79589
20.997956581413746,105.86811466142535,"[10139155868, 10139155867]",21.991133
20.99793428555131,105.86797225289047,"[10139155864, 10139155860]",17.446966
20.997921377420425,105.8677630405873,"[10139175527, 10139155860]",3.291397
20.997882317751646,105.86767394095659,"[5707821236, 10139155862]",4.055584
20.997882233932614,105.86764074862003,"[10139155862, 10139155861]",4.556574
20.997843174263835,105.86744779720902,"[10139155861, 10139175526]",2.356101
20.997840827330947,105.86723715998232,"[10139155849, 10139155850]",2.330808
20.99778776988387,105.8672106731683,"[10139155848, 10139155849]",3.666766
20.997704956680536,105.86705988273025,"[10139155847, 10139155848]",6.992515
20.99765089340508,105.86690758354962,"[10139155847, 10139155848]",7.199788
20.99761518649757,105.8667066693306,"[10139155846, 10139155847]",3.756105
20.997610744088888,105.8666670229286,"[10139155846, 10139155847]",2.817079
20.997603787109256,105.8664717245847,"[10139155846, 10139155847]",3.408311
20.997587693855166,105.86641347035766,"[10139155846, 10139155847]",3.791922
20.99755215458572,105.86624935269356,"[11046698473, 4955947878]",3.895559
20.997492726892233,105.86603594943881,"[11046698473, 4955947878]",2.469293
20.997485518455505,105.86600359529257,"[11046698473, 4955947878]",2.017955
20.99743044935167,105.86582195945084,"[11046698473, 10137756459]",1.286901
20.99739138968289,105.86562808603048,"[10137756459, 5629422885]",1.530285
20.997385270893574,105.8656051196158,"[10137756459, 5629422885]",1.774011
20.997300446033478,105.86540219374001,"[8486580925, 5629422885]",0.244626
20.9972907230258,105.86537034250796,"[10137756461, 8486580925]",0.23561
20.997271863743663,105.86527864448726,"[11046698474, 8486580925]",1.774011
20.997262224555016,105.8652124274522,"[11046698475, 11046698474]",0.0
20.997204137966037,105.86501779966056,"[5689955830, 4955947884]",4.421327
20.99716172553599,105.8648239262402,"[5689955830, 4955947884]",7.377393
20.997182177379727,105.86460247635841,"[11046698475, 5689955856]",9.845763
20.99718569777906,105.86447775363922,"[11046698475, 5689955856]",4.871259
20.997167425230145,105.86429595015943,"[11046698475, 5689955856]",0.110711
20.997127443552017,105.86417675949633,"[11046698475, 5689955856]",0.151891
20.997038427740335,105.86401448585093,"[11046698475, 5689955856]",3.097448
20.997010683640838,105.86394667625427,"[11046698475, 5689955856]",3.341654
20.996988471597433,105.86388389579952,"[11046698475, 5689955856]",3.444605
20.996885122731328,105.863684322685,"[11046698475, 5689955856]",6.645176
20.996868023648858,105.863620871678,"[11046698475, 5689955856]",6.157251
20.996694434434175,105.86347326636314,"[11442636948, 5689955830]",9.639437
20.99654959514737,105.86324913427234,"[11442636948, 5689955830]",3.097448
20.996457980945706,105.86304679512978,"[4955947885, 5689955918]",1.426657
20.99635798484087,105.86286499164999,"[4955947885, 5689955918]",1.8132
20.996338287368417,105.86284403689206,"[10135862437, 5689955918]",1.998506
20.996318673714995,105.86282534524798,"[10135862437, 5689955918]",1.530239
20.99624457769096,105.86277589201927,"[10135862437, 5689955918]",1.912799
20.996231753379107,105.86276868358254,"[10135862437, 5689955918]",2.14669
20.996222784742713,105.86275703273714,"[10139155837, 10135862437]",1.175632
20.99620258435607,105.86274999193847,"[10139155837, 10135862437]",1.083394
20.996216163039207,105.86271445266902,"[10135862437, 6629377826]",1.704097
20.996234519407153,105.86268176324666,"[10135862432, 7920620912]",0.591337
20.9962494391948,105.86267698556185,"[10135862432, 7920620912]",2.262046
20.99634096957743,105.86266357451677,"[10135862433, 5689955919]",0.0
20.996536016464233,105.8626689389348,"[7920620913, 5689955919]",7.443558
20.99664623849094,105.86256835609674,"[10135862428, 10135862431]",3.358776
20.996666019782424,105.86256181821227,"[10135862429, 10135862428]",4.764503
20.996736427769065,105.86256978102028,"[10135862430, 7920620913]",0.489251
20.996809769421816,105.86255863308907,"[10137756347, 10137745292]",1.286901
20.996837932616472,105.86251454427838,"[10137745292, 10137745291]",2.166788
20.996910268440843,105.86245712824166,"[10137745289, 10137745288]",1.678498
20.996925439685583,105.86246416904032,"[10137745289, 10137745288]",2.620864
20.997025854885578,105.8624413702637,"[10137745289, 10137745288]",1.678498
20.99720682017505,105.86242795921862,"[10137745307, 10137745306]",2.609146
20.99723456427455,105.86242091841996,"[10137745306, 10115955507]",0.110711
20.99734847433865,105.8624115306884,"[10137745306, 10137745287]",2.505547
20.997548047453165,105.8623821940273,"[10137745287, 10137745286]",1.667509
20.997577719390392,105.86238102056086,"[10137745287, 10137745286]",1.884859
20.99763186648488,105.86237548850477,"[10137745287, 10137745286]",1.884859
20.99769288673997,105.86237993091345,"[10137745287, 10137745286]",3.033925
20.99788256920874,105.86238923482597,"[10137745287, 10137745286]",5.953184
20.997967226430774,105.86238697171211,"[10137745287, 10137745286]",6.584918
20.998024558648467,105.86237699724734,"[10137745287, 10137745286]",6.160292
20.9981004986912,105.86238278076053,"[10137745286, 10137745305]",7.642714
20.998136373236775,105.86237825453281,"[10137745286, 10137745305]",7.539435
20.998263275250793,105.86238361895084,"[10137745305, 11876062143]",2.361852
20.99836084060371,105.86236132308841,"[10137745305, 10137745303]",8.355165
20.998410126194358,105.86235797032714,"[10137745305, 10137745303]",8.562269
20.99851179867983,105.86228135973215,"[10137745305, 10137745303]",1.667509
20.998720340430737,105.86224473081529,"[10137745309, 10137745285]",0.207979
20.998900048434734,105.86222235113382,"[10137745309, 10137745285]",0.0
20.99896777421236,105.86221707053483,"[10137745309, 10137745285]",0.207979
20.999119989573956,105.86224355734885,"[10137745309, 10137745304]",4.918746
20.999192744493484,105.86224003694952,"[10137745309, 10137745304]",5.332267
20.9992194827646,105.86222126148641,"[10137745304, 317910543]",3.381863
20.99939969368279,105.8621612470597,"[10137745284, 10137745283]",0.415957
20.999428778886795,105.86216418072581,"[10137745284, 10137745283]",0.207979
20.9995926450938,105.86215923540294,"[10137745284, 10137745283]",1.460054
20.999717116355896,105.86217876523733,"[10137745284, 10137745283]",4.803964
20.999839324504137,105.86218471638858,"[10137745284, 10137745283]",6.791868
20.99992347881198,105.8621770888567,"[10137745284, 10137745283]",6.895367
20.99996798671782,105.86213023401797,"[10137745283, 10137745301]",2.505547
21.000030850991607,105.8621041662991,"[10137745283, 10137745301]",0.519774
21.00006856955588,105.86209679022431,"[10137745283, 10137745301]",0.207909
21.00023042410612,105.86208396591246,"[10137745302, 10137745301]",0.633478
21.00024995394051,105.86207608692348,"[10137745302, 10137745301]",0.0
21.000350872054696,105.86201665923,"[10137745313, 10137745312]",0.221424
21.000542817637324,105.86201934143901,"[10137745312, 10137745282]",2.608283
21.000735517591238,105.86202244274318,"[10137745282, 10137745299]",0.0
21.000766279175878,105.86202537640929,"[10137745282, 10137745299]",0.736057
21.000934252515435,105.86204096674919,"[10137745282, 10137745299]",4.388499
21.001034919172525,105.86202973499894,"[10137745299, 10137745281]",4.504198
21.00113734602928,105.8620420563966,"[10137745300, 5721861417]",1.549966
21.001344127580523,105.86204566061497,"[10137745300, 10137745280]",9.822412
21.001408835873008,105.86204172112048,"[10137745300, 10137745280]",10.144202
21.001619389280677,105.86202822625637,"[10137745300, 10137745280]",11.178115
21.001757187768817,105.86201288737357,"[10137745280, 10137745279]",11.167693
21.001931196078658,105.86200249381363,"[10137745280, 10137745279]",11.798938
21.00201099179685,105.86199595592916,"[10137745280, 10137745279]",12.005946
21.002064552158117,105.86199495010078,"[10137745280, 10137745279]",12.420053
21.00224149413407,105.86196502670646,"[10137745280, 10137745279]",11.064157
21.00242279469967,105.8619455806911,"[10137745279, 10137745298]",11.086291
21.00244232453406,105.861945329234,"[10137745279, 10137745298]",11.189623
21.00251281633973,105.86191624403,"[10137745279, 10137745298]",8.99546
21.002678275108337,105.8619091194123,"[10137745298, 6408625769]",1.553449
21.002731332555413,105.86191926151514,"[10137745298, 6408625769]",4.322766
21.00276636891067,105.86194499395788,"[10137745298, 6408625769]",8.087983
21.002802327275276,105.86196083575487,"[10137745298, 6408625769]",11.968176
21.00285429507494,105.86194759234786,"[10137756376, 10137756363]",10.296205
21.002937527373433,105.8619038388133,"[10137756376, 10137756363]",0.996407
21.00297004915774,105.86187056265771,"[10137756363, 6629899064]",0.727683
21.003115558996797,105.86185874417424,"[10137756393, 10137277922]",6.203351
21.003286466002464,105.86179118603468,"[10137277927, 1497971610]",2.236092
21.00335326977074,105.86178272031248,"[10137277916, 10137277915]",3.562095
21.0035349894315,105.8617537189275,"[10137277916, 10137277915]",2.92962
21.00363029167056,105.86174374446273,"[10137277915, 10137277914]",3.474881
21.003656527027488,105.86174257099628,"[10137277914, 10137277913]",3.76848
21.00377295166254,105.86174064315856,"[10137277913, 10137277926]",5.020437
21.00380329415202,105.8617230411619,"[10137277913, 10137277926]",3.446546
21.003863057121634,105.86171667091548,"[10137277926, 10137277912]",3.562095
21.003942349925637,105.86170652881265,"[10137277912, 10137277911]",3.446546
21.004050644114614,105.86170577444136,"[10137277912, 10137277911]",4.595395
21.00408216007054,105.86170652881265,"[10137277912, 10137277911]",5.009439
21.00427519530058,105.86166956461966,"[10137277912, 10137277911]",3.34309
21.00429925136268,105.86165925487876,"[10137277912, 10137277911]",2.401189
21.004327246919274,105.86166369728744,"[10137277912, 10137277911]",3.239666
21.004381394013762,105.86165925487876,"[10137277912, 10137277911]",3.34309
21.00444082170725,105.86165179498494,"[10137277912, 10137277911]",3.239666
21.004495890811086,105.86165347136557,"[10137277912, 10137277911]",3.975024
21.004697559401393,105.86164316162467,"[10137277911, 10137277910]",5.227129
21.00483284331858,105.86164316162467,"[10137277911, 10137277910]",6.904641
21.00485874339938,105.8616482745856,"[10137277911, 10137277910]",7.731587
21.00497156381607,105.86165942251682,"[10137277911, 10137277910]",10.144202
21.005116989836097,105.86162254214287,"[10137277911, 10137277910]",8.156696
21.005215561017394,105.86161533370614,"[10137277910, 10137277925]",8.45592
21.005288064479828,105.86161684244871,"[10137277910, 10137277925]",9.50125
21.005402645096183,105.86162807419896,"[10137277925, 5684444122]",1.78355
21.00549777969718,105.86162162013352,"[10137277925, 10137277909]",12.32696
21.005519572645426,105.86160267703235,"[10137277925, 10137277909]",10.5466
21.005584448575974,105.86157023906708,"[10137277925, 10137277909]",7.835025
21.005602972581983,105.86157694458961,"[10137277925, 10137277909]",8.776998
21.00562476553023,105.86158197373152,"[10137277909, 10137277908]",9.50125
21.005690228194,105.86154132150114,"[10137277909, 10137277908]",5.951219
21.00570011883974,105.86152807809412,"[10137277909, 10137277908]",4.698877
21.005718559026718,105.86149823851883,"[10137277909, 10137277908]",1.88424
21.005775472149253,105.86147996596992,"[10137277909, 10137277908]",0.633478
21.00590094923973,105.86146915331483,"[10137277909, 10137277908]",0.838975
21.00604704581201,105.86144199594855,"[10137277909, 10137277908]",0.415819
21.006153244525194,105.86144945584238,"[10137277909, 10137277908]",1.563246
21.006304621696472,105.86145113222301,"[10137277908, 10137277907]",3.34309
21.00642808713019,105.86143151856959,"[10137277908, 10137277907]",2.608283
21.00658943876624,105.86143168620765,"[10137277908, 10137277907]",4.388499
21.006723046302795,105.86145976558328,"[10137277924, 7135368474]",6.708276
21.006777696311474,105.86146948859096,"[10137277924, 7135368474]",0.563236
21.00681558251381,105.86147175170481,"[10137277924, 7135368474]",3.690281
21.006893953308463,105.86144694127142,"[10137277905, 10137277904]",8.964749
21.006925720721483,105.86142925545573,"[10137277905, 10137277904]",7.401514
21.007041139528155,105.8613464422524,"[10137277903, 10137277902]",0.207909
21.00708774290979,105.86133286356926,"[10137277902, 10137277901]",0.103955
21.00721539929509,105.8612838294357,"[10137277900, 10137277899]",2.232587
21.007359651848674,105.8611997589469,"[10137277899, 10137277898]",4.887793
21.00738488137722,105.86117469705641,"[10137277899, 10137277898]",4.421822
21.007466856390238,105.86112985387444,"[10137277899, 10137277898]",6.250408
21.007566936314106,105.86093472316861,"[7218236301, 98020217]",3.125204
21.007627872750163,105.86089289747179,"[10137277898, 10137277897]",2.975652
21.00778168067336,105.86080622859299,"[10137277895, 10137277894]",3.314472
21.007900116965175,105.86078267544508,"[6629446646, 11736650321]",3.239666
21.00803959183395,105.86079449392855,"[10137277893, 10137277892]",0.207909
21.008189460262656,105.86079868488014,"[10137277893, 10137277892]",2.090852
21.00833128206432,105.86078988388181,"[10137277893, 10137277892]",2.82636
21.00844225846231,105.86078284308314,"[10137277892, 10137277891]",3.126492
21.008624732494354,105.86087445728481,"[10137277887, 10137277886]",8.932024
21.00865482352674,105.86089733988047,"[10137277885, 10137277884]",8.306427
21.008661277592182,105.86090412922204,"[10137277885, 10137277884]",8.062219
21.008678125217557,105.86091083474457,"[10137277885, 10137277884]",6.791678
21.008706288412213,105.86093103513122,"[10137277885, 10137277884]",5.032701
21.008716179057956,105.86094754748046,"[10139175391, 10137277884]",4.730526
21.00871584378183,105.86096623912454,"[10139175391, 10137277884]",5.321842
21.008804021403193,105.8609180431813,"[10137277930, 6661650621]",0.733836
21.008843248710036,105.86074763908982,"[5716403734, 5716337810]",0.661865
21.00884886458516,105.86068276315928,"[10137277931, 5716337810]",1.78355
21.008841739967465,105.8606743812561,"[10137277931, 5716337810]",2.675325
21.008846098557115,105.86066633462906,"[10137277931, 5716337810]",2.345773
21.008862359449267,105.86065082810819,"[10137277931, 5716337810]",0.781924
21.008920781314373,105.86067195050418,"[10137277933, 10137277931]",2.025323
21.00894802249968,105.86068963631988,"[6661681196, 1497971619]",1.332604
21.009108033031225,105.86080815643072,"[4592527914, 4592527913]",6.000994
21.00924365222454,105.86082123219967,"[10137277932, 5716337812]",0.110712
21.009287321940064,105.86081343702972,"[10137277939, 1497971628]",2.122012
21.009328896179795,105.86079139262438,"[8179214818, 8179214817]",0.759337
21.00933057256043,105.86081704124808,"[10137277939, 1497971628]",0.985281
21.00945177488029,105.86080086417496,"[8179214821, 8179214820]",2.711957
21.009621424600482,105.86072894744575,"[8179214864, 8179214822]",0.764952
21.009759726002812,105.86061461828649,"[8179214864, 8179214822]",0.471098
21.00991303101182,105.86052778176963,"[10142034362, 8259070064]",1.064367
21.010006740689278,105.86038721725345,"[10142034361, 8971506813]",2.210911
21.010128865018487,105.8602977823466,"[10142034361, 8971506813]",1.529903
21.01018083281815,105.86026668548584,"[10142034361, 8971506813]",0.616829
21.01025207899511,105.86021563969553,"[10142034361, 8971506813]",0.151867
21.010362887755036,105.86012528277934,"[10142034361, 8971506813]",0.382476
21.010378058999777,105.86011849343777,"[10142034361, 8971506813]",0.0
21.01046707481146,105.86005479097366,"[8971506813, 8971506812]",0.682846
21.010488448664546,105.86003853008151,"[8971506813, 8971506812]",0.764952
21.010631024837494,105.85992705076933,"[10142034358, 8971506812]",0.914303
21.010798159986734,105.85982454009354,"[8259070074, 8259070070]",0.682846
21.010899832472205,105.85971482098103,"[8971506810, 8179214862]",1.064367
21.010945849120617,105.85966654121876,"[8971506810, 8179214862]",0.151867
21.011012317612767,105.8596156630665,"[8179214862, 8179214861]",0.235549
21.011046348139644,105.85957978852093,"[8179214862, 8179214861]",0.532184
21.011108374223113,105.85952295921743,"[8179214862, 8179214861]",1.147427
21.011294284835458,105.85944048129022,"[6408478723, 5716281457]",0.151867
21.011424958705902,105.85937166586518,"[10142034335, 10142034339]",2.210911
21.011574072763324,105.85923864506185,"[6408478724, 103007947]",1.912379
21.011605840176344,105.85920763202012,"[6408478724, 103007947]",1.446393
21.01172922179103,105.85911182686687,"[6408478724, 103007947]",1.679029
21.011882023885846,105.85899665951729,"[6408478725, 6408478724]",1.998048
21.011928459629416,105.85893756709993,"[6408478725, 6408478724]",0.151867
21.011974392458797,105.85889372974634,"[6408478725, 6408478724]",0.914303
21.011983947828412,105.85887428373098,"[8179214859, 6408478725]",0.541639
21.012033820152283,105.85881837643683,"[8179214859, 8179214858]",1.446393
21.01207522675395,105.85878836922348,"[8179214858, 1905193334]",1.214939
21.012256694957614,105.85868954658508,"[8259084624, 1905193334]",0.914303
21.012282762676477,105.8586422726512,"[8259084624, 1905193334]",1.446393
21.012367084622383,105.85858929902315,"[8259084624, 6661650627]",0.303735
21.012425674125552,105.85855334065855,"[8259084613, 6661650627]",0.616829
21.012489963322878,105.85851319134235,"[8259084613, 6661650627]",1.446393
21.012589456513524,105.85843842476606,"[8259084613, 6661650628]",1.679029
21.012763967737556,105.85832887329161,"[6661385250, 317968678]",2.317028
21.01296354085207,105.85826299153268,"[8189781646, 8189781647]",7.649515
21.01298399269581,105.85822275839746,"[8189781646, 8189781647]",5.652694
21.013106619939208,105.85806475952268,"[8189781646, 8189781647]",0.382476
21.013125143945217,105.85803207010031,"[8189781646, 8189781647]",1.296633
21.01329973898828,105.85790114477277,"[8189781647, 8189781648]",0.999024
21.013439632952213,105.85780902765691,"[8189781648, 8189781649]",0.706648
21.013541975989938,105.85772478953004,"[8259084641, 6408474762]",1.648845
21.013687318190932,105.85765605792403,"[8259084641, 8121037439]",2.683243
21.013815980404615,105.85756234824657,"[8259084650, 6408474769]",0.564972
21.013949839398265,105.8574519585818,"[8971506805, 8179214851]",1.557855
21.014097779989243,105.8573694806546,"[8189781657, 8179214851]",1.884394
21.014186292886734,105.857341485098,"[8189781659, 6408474769]",1.884394
21.01424178108573,105.85729823447764,"[11309763250, 8179214826]",2.429878
21.014297353103757,105.85727551952004,"[11309763250, 103001099]",2.634842
21.014301041141152,105.85723243653774,"[8179214835, 8179214836]",3.080841
21.01429944857955,105.85719027556479,"[8971506804, 8179214835]",1.454194
21.014270531013608,105.85713319480419,"[8971506804, 8179214850]",2.035734
21.014232225716114,105.85714207962155,"[8971506804, 8179214850]",6.432693
21.01425552740693,105.85717963054776,"[8971506804, 8179214835]",3.347285
21.01435418240726,105.8571569994092,"[8184202740, 103001099]",2.035734
21.01439332589507,105.85713604465127,"[8184177173, 8184177172]",0.244612
21.01441729813814,105.85712355561554,"[8184177173, 8184177172]",2.678738
21.014444874599576,105.85711634717882,"[8349804735, 8184177175]",4.855024
21.014625588431954,105.8570499625057,"[8349804735, 8184177175]",1.322442
21.01465567946434,105.85703386925161,"[8349804735, 8184177175]",1.177746
21.01482574827969,105.85693613626063,"[8349804735, 8184177175]",1.087088
21.014870088547468,105.85690202191472,"[8349804735, 8184177175]",1.793303
21.01506555452943,105.85683714598417,"[8189781628, 6689486567]",2.028775
21.015209387987852,105.85680034942925,"[8259084803, 6689486567]",2.212239
21.015364537015557,105.85675139911473,"[8349804712, 8349804711]",0.151867
21.0154452547431,105.85668652318418,"[8349804711, 8259084809]",1.514777
21.01547257974744,105.85666716098785,"[8349804711, 8349804710]",2.119943
21.015646755695343,105.85659717209637,"[8349804711, 8349804710]",0.706648
21.015825541689992,105.8565250877291,"[8349804709, 8189781600]",3.533239
21.015931740403175,105.85642819292843,"[8189781597, 8189781598]",2.185854
21.015992341563106,105.85637823678553,"[8189781605, 103001443]",0.151867
21.016045231372118,105.85636172443628,"[8189781524, 8189781523]",5.190256
21.01620758883655,105.85628578439355,"[8349804724, 8189781602]",1.035107
21.016307417303324,105.85624974220991,"[8349804724, 8349804723]",0.942197
21.01636885665357,105.85623222403228,"[8349804724, 8349804723]",2.447737
21.01648855023086,105.85612719878554,"[11217220436, 8349804723]",0.851843
21.016513695940375,105.85612669587135,"[11217220436, 8349804723]",0.471098
21.0165832657367,105.85607858374715,"[11217220436, 8349804723]",0.330933
21.01671972312033,105.85601865313947,"[11217220436, 8349804723]",1.413295
21.0168026201427,105.85598286241293,"[11217220436, 8349804723]",2.447737
21.01685542613268,105.85593014024198,"[11217220436, 8349804723]",0.382476
21.017029769718647,105.85584498010576,"[11217220436, 8349804723]",1.793303
21.017065225169063,105.85580005310476,"[11217220436, 8349804723]",0.471098
21.017181230708957,105.85572595708072,"[11217220436, 8349804723]",1.177746
21.017265720292926,105.85566082969308,"[11217231937, 103046082]",2.447737
21.017298325896263,105.85563266649842,"[11217220431, 103046082]",1.505845
21.01747987791896,105.85553828626871,"[11217220431, 6685594997]",1.976754
21.01751172915101,105.85551205091178,"[11217220431, 6685594997]",1.270443
21.01767827756703,105.85541406646371,"[11217220431, 6685594997]",0.799898
21.01770183071494,105.85542177781463,"[11217220430, 8189781525]",1.741287
21.017809119075537,105.85534969344735,"[11217220431, 6685594997]",1.648845
21.017963597550988,105.85524232126772,"[11217220431, 6685594997]",0.330933
21.018050517886877,105.85524139925838,"[11217220430, 8189781525]",0.0
21.018168283626437,105.85519186221063,"[11217220430, 8189781525]",1.648845
21.01819133386016,105.85518792271614,"[11217220430, 8189781525]",2.499763
21.018226873129606,105.85516663268209,"[11217220430, 8189781525]",2.499763
21.018232740461826,105.85514266043901,"[8189781526, 8189781525]",0.519774
21.018226873129606,105.85509454831481,"[6685594997, 102986558]",0.235549
21.018202481791377,105.85506604984403,"[8184202827, 8184202826]",0.151867
21.01816115900874,105.85498197935522,"[8184202828, 8184202827]",9.778512
21.01815906353295,105.85496496409178,"[8184202829, 8184202828]",10.980166
21.018149172887206,105.85496446117759,"[8184202828, 8184202827]",12.051708
21.018138779327273,105.85497208870947,"[8184202827, 8184202826]",12.003182
21.018133331090212,105.85492799989879,"[10130015980, 8184202831]",12.509412
21.01818362250924,105.85489078424871,"[10130015980, 8184202865]",5.718275
21.018299544230103,105.85487234406173,"[10130015981, 102986558]",0.391842
21.018374478444457,105.85489036515355,"[10130015979, 102986558]",4.359855
21.018390152603388,105.85492523387074,"[10130015979, 102986558]",1.22306
21.018404569476843,105.854936465621,"[10130015979, 102986558]",0.733836
21.018450586125255,105.85497049614787,"[10130015955, 10130015954]",2.292578
21.01847472600639,105.85497778840363,"[10130015954, 8189781488]",1.413295
21.018615793436766,105.8549467753619,"[8189781488, 8184202850]",6.746244
21.018658792600036,105.85495607927442,"[8189781488, 8184202850]",7.30846
21.018783347681165,105.85498466156423,"[8189781488, 8184202850]",8.598133
21.01896096020937,105.85504459217191,"[8189781488, 8184202850]",8.598133
21.01904452778399,105.85504224523902,"[8189781488, 8184202850]",11.640603
21.01924837566912,105.85511122830212,"[8189781488, 8184202850]",11.640603
21.019366895779967,105.85516093298793,"[8189781488, 8184202850]",10.681509
21.019550459459424,105.85526344366372,"[8189781488, 8184202850]",6.646999
21.019733771681786,105.85540258325636,"[8189781488, 8184202850]",1.091317
21.019804095849395,105.85537894628942,"[8184202850, 8184202851]",3.60473
21.01982739754021,105.85536419413984,"[8184202850, 8184202851]",5.920667
21.019879784435034,105.85534768179059,"[8184202850, 8184202851]",9.426607
21.019972572103143,105.85537685081363,"[8184202906, 8184202855]",2.54204
21.019982546567917,105.85537366569042,"[8184202906, 8184202855]",1.634797
21.01999537087977,105.85537534207106,"[8184202906, 8184202855]",0.244612
21.020000651478767,105.85536872036755,"[8184202906, 8184202855]",0.110712
21.020002579316497,105.85536318831146,"[8184202906, 8184202855]",0.244612
21.02000509388745,105.85537299513817,"[8184202906, 8184202855]",0.696048
21.019999897107482,105.85539906285703,"[8184202906, 8184202854]",1.123829
21.020005764439702,105.85544105619192,"[6662355785, 98010926]",3.269594
21.020072484388947,105.85547835566103,"[6662355785, 98010926]",4.90439
21.02018455043435,105.85557206533849,"[8184202885, 6662352882]",0.90977
21.020370544865727,105.85564163513482,"[9965357129, 8184202899]",5.456584
21.020510522648692,105.85570785216987,"[6662719068, 5707060227]",4.034516
21.02070054039359,105.85573651827872,"[9965357129, 8184202899]",3.60473
21.020754352211952,105.85571992211044,"[9965357129, 8184202899]",0.103955
21.02082367055118,105.85572486743331,"[9965357129, 8184202899]",1.752973
21.02095694281161,105.85581103339791,"[9965357129, 9965357127]",2.281876
21.02093112654984,105.8559132926166,"[5707060227, 5707054217]",2.51342
21.021062387153506,105.85591429844499,"[5707060227, 5707054217]",1.752973
21.021228097379208,105.85595704615116,"[11217947433, 5707054217]",2.811734
21.021313928067684,105.85604731924832,"[11217947433, 5707054217]",3.472573
21.021506041288376,105.85606475360692,"[11217947433, 6662352880]",0.760625
21.02151702158153,105.85604421794415,"[8184202888, 6662352880]",1.877994
21.02156152948737,105.85601136088371,"[8184202888, 6662352880]",1.773947
21.02158583700657,105.85599417798221,"[8184202889, 8184202888]",1.391627
21.021588938310742,105.85598101839423,"[8184202932, 8184202889]",0.235549
21.021602349355817,105.85597389377654,"[8184202932, 8184202889]",0.532184
21.021613497287035,105.85594187490642,"[8184202932, 8184202890]",1.446393
21.021586088463664,105.85586576722562,"[8184202891, 8184202892]",7.793517
21.02158633992076,105.85588546469808,"[8184202890, 8184202891]",6.987379
21.021628249436617,105.8559481613338,"[8184202890, 8184202891]",0.244612
21.02164065465331,105.85594916716218,"[8184202890, 8184202891]",1.514777
21.02163629606366,105.85594774223864,"[8184202890, 8184202891]",0.978448
21.021758588030934,105.8560742251575,"[8184202916, 8184202915]",1.612754
21.021929243579507,105.85614496842027,"[8184202925, 8184202914]",0.207909
21.022112052887678,105.85617925040424,"[8184202925, 8184202914]",2.051244
21.022141641005874,105.85618302226067,"[8184202925, 8184202914]",2.58183
21.022292599081993,105.85623616352677,"[8184202925, 8184202914]",1.951348
21.022497871890664,105.8562811743468,"[8189781427, 8184202925]",3.672225
21.02268286049366,105.85632157512009,"[8189781427, 8184202925]",5.293208
21.022791070863605,105.85636004805565,"[8189781427, 8184202925]",4.862957
21.022951919585466,105.85639826953411,"[8189781427, 8184202925]",6.053701
21.023142524063587,105.85641687735915,"[8184202924, 8184202911]",1.634797
21.02325073443353,105.85644537582994,"[8184202936, 6662487549]",2.745645
21.023295493796468,105.85646448656917,"[8184202954, 8184202936]",2.436168
21.023303037509322,105.85644604638219,"[8184202954, 8184202936]",2.678738
21.023317370563745,105.85640514269471,"[8184202954, 8184202936]",2.921649
21.023314855992794,105.8561984449625,"[6662487549, 4022961194]",2.678738
21.02335324510932,105.85600323043764,"[6662487549, 4022961194]",0.591316
21.023383755236864,105.8559357561171,"[6662487549, 4022961194]",1.74012
21.023388532921672,105.85577415302396,"[6662487549, 4022961194]",2.784192
21.0234388243407,105.85558086633682,"[6662487549, 4022961194]",3.48024
21.023446451872587,105.85556074976921,"[6662487549, 4022961194]",3.374744
21.02344854734838,105.85551833733916,"[8184202924, 8184202911]",2.784192
21.02342306636274,105.85532454773784,"[8184202959, 8184202924]",6.053478
21.023420887067914,105.85523519665003,"[8184202959, 8184202924]",9.080216
21.023405296728015,105.85502372123301,"[8184202959, 8184202924]",17.432532
21.02341585792601,105.85500117391348,"[8184202959, 8184202924]",16.979083
21.023469334468246,105.85496362298727,"[8184202959, 8184202924]",12.560306
21.023536724969745,105.8549589291215,"[8184202959, 8184202924]",5.568383
21.023666644468904,105.85496353916824,"[6684786558, 4022961194]",1.498118
21.02385515347123,105.85499983280897,"[8184202950, 8184202949]",9.85647
21.02401725947857,105.85502296686172,"[8184202950, 8184202949]",7.044793
21.024208953604102,105.85509655997157,"[8184202950, 8184202949]",8.435202
21.02435152977705,105.85514224134386,"[8184202950, 8184202949]",8.435202
21.024512462317944,105.8551883418113,"[8184202950, 8184202949]",8.104929
21.024536853656173,105.85520166903734,"[8184202950, 8184202949]",8.765525
21.0247047431767,105.85521575063467,"[8184202950, 8184202949]",4.862957
21.024725027382374,105.85518188774586,"[8184202950, 8184202949]",0.86061
21.02473952807486,105.8551103901118,"[8184202960, 4022966513]",1.42212
21.02475855499506,105.85504274815321,"[8184202960, 8178544881]",3.344185
21.02481077425182,105.85500938817859,"[8178544880, 8178544881]",0.519774
21.024849079549313,105.8549689874053,"[8178544879, 8178544880]",3.772385
21.024870788678527,105.85491509176791,"[8184606184, 8184606178]",3.722753
21.024902891367674,105.85470328107476,"[8184606184, 8184606178]",6.854901
21.02496776729822,105.85450664162636,"[8184606184, 8184606178]",6.022156
21.02497212588787,105.85448124445975,"[8184606184, 8184606178]",6.370175
21.025011017918587,105.85428116843104,"[8184606184, 8184606178]",8.458297
21.025017723441124,105.85424185730517,"[8184606178, 8178544878]",8.91216
21.025051837787032,105.85406416095793,"[8184606178, 8178544878]",10.788743
21.025100285187364,105.85387623868883,"[8184606178, 8178544878]",11.379181
21.02514998987317,105.85381915792823,"[8184606178, 8178544878]",7.86812
21.025222660973668,105.85364137776196,"[8184606178, 8178544878]",5.568383
21.025239089503884,105.85344373248518,"[8184606178, 8178544878]",9.850384
21.0252399276942,105.85343618877232,"[8184606178, 8178544878]",9.987092
21.025266582146287,105.85340769030154,"[8184606178, 8178544878]",8.004551
21.025336990132928,105.85342227481306,"[8184606178, 8178544878]",0.244612
21.02551938034594,105.85336385294795,"[11163896854, 8184606157]",1.677949
21.02555894292891,105.85334683768451,"[8184606157, 5405026112]",3.59634
21.025596829131246,105.85334239527583,"[8184606157, 5405026112]",4.863248
21.025700345635414,105.85337541997433,"[8184606172, 5405026112]",3.494227
21.025846526026726,105.8534662798047,"[8184606172, 5405026112]",2.860844
21.02591902948916,105.85352344438434,"[8184606169, 8184606170]",4.526227
21.025982731953263,105.85354154929519,"[8184606168, 8184606169]",2.327273
21.02617216296494,105.85359938442707,"[10555858432, 8184606191]",12.28647
21.02631918154657,105.85370633751154,"[8184606188, 10555858430]",21.242881
21.026507690548897,105.85373089648783,"[8184606188, 10555858430]",20.506824
21.026723943650723,105.8537601493299,"[10555858430, 8184606209]",19.787809
21.026857970282435,105.85375185124576,"[10555858430, 8184606209]",16.621056
21.02697003632784,105.8538050763309,"[8184606209, 5703662588]",6.631338
21.027166424319148,105.85378219373524,"[11217220362, 8184606210]",10.304162
21.027376474812627,105.85372637026012,"[11435098068, 11217220360]",0.891775
21.027573868632317,105.85373676382005,"[11435116386, 5857305389]",2.689425
21.027596332132816,105.85374455899,"[11435116386, 5857305389]",0.110712
21.027730274945498,105.85378839634359,"[11435116388, 11435116387]",3.361781
21.02782716974616,105.85380641743541,"[11435116653, 9966237354]",0.103955
21.027860278263688,105.85383214987814,"[11217220367, 9966237375]",0.563236
21.027840077877045,105.85380683653057,"[11217220367, 11435116653]",0.0
21.027948623523116,105.8538431301713,"[9966237380, 9966237349]",4.472184
21.027998495846987,105.8538468182087,"[9966237380, 9966237349]",9.850748
21.02822145447135,105.85383617319167,"[9966237371, 9966237369]",1.667891
21.028421195223927,105.85386944934726,"[9966237370, 9966237369]",5.152398
21.02848573587835,105.85388286039233,"[9966237372, 9966237370]",2.053894
21.028665024787188,105.85393927060068,"[9966237335, 9966237336]",8.286711
21.028739036992192,105.8539430424571,"[9966237338, 9966237357]",1.78355
21.02892746217549,105.85395134054124,"[10583987401, 10583987379]",5.514047
21.028983872383833,105.8539673499763,"[10583987401, 10583987379]",6.968484
21.029168190434575,105.8539776597172,"[10583987401, 10583987379]",7.384105
21.029240861535072,105.85397564806044,"[10583987401, 10583987379]",6.864583
21.029383186250925,105.85396676324308,"[10583987401, 10583987379]",5.410178
21.029551327228546,105.85395829752088,"[10583987380, 10583987401]",3.744007
21.029760455712676,105.8539572916925,"[10583987381, 10583987380]",2.80896
21.029940079897642,105.8539728820324,"[10583987381, 10583987380]",3.847917
21.02998299524188,105.85394446738064,"[10583987381, 10583987380]",0.727683
21.030119536444545,105.85394849069417,"[10583987381, 10583987380]",0.623728
21.03024677373469,105.85394438356161,"[10583987381, 10583987380]",0.103955
21.0302824806422,105.85394874215126,"[10583987381, 10583987380]",0.311864
21.030459674075246,105.85397707298398,"[10583987383, 10583987381]",2.705089
21.03048683144152,105.85397497750819,"[10583987383, 10583987381]",2.390958
21.030488926917315,105.85397304967046,"[10583987383, 10583987381]",2.183049
21.030542068183422,105.85397045128047,"[10583987383, 10583987381]",1.76723
21.03071984834969,105.85390616208315,"[2218313053, 75617763]",0.727683
21.03078866377473,105.85382695309818,"[10584029024, 10584029009]",0.90977
21.03086292743683,105.85366166196764,"[10584029026, 10584029006]",1.703686
21.030917074531317,105.85357323288918,"[10584029026, 10584029006]",2.849399
21.03102025575936,105.85350198671222,"[11465167153, 5405026116]",2.264263
21.031047999858856,105.85349737666547,"[10584029005, 10584029022]",1.938894
21.031123772263527,105.8534580655396,"[10584029005, 10584029022]",0.942197
21.031159395352006,105.8534337580204,"[10584029005, 10584029022]",0.999024
21.03116643615067,105.8534252922982,"[10584029005, 10584029022]",1.322442
21.03120105341077,105.85343199782073,"[10584029005, 10584029022]",1.322442
21.031270371749997,105.85341095924377,"[10584029020, 10584029019]",1.233835
21.031303647905588,105.85337022319436,"[6644368696, 5405026120]",0.221424
21.03145175613463,105.85329587571323,"[10584029038, 10584029039]",2.316528
21.031641690060496,105.85325949825346,"[10584029038, 10584029039]",1.791017
21.031664991751313,105.85324482992291,"[10584029038, 10584029039]",1.32373
21.03171712718904,105.85312077775598,"[6644368695, 1497570435]",2.39352
21.03173028677702,105.85294039919972,"[11336026491, 11336026490]",3.016719
21.031804885715246,105.85276287049055,"[6644368693, 1497570437]",1.235451
21.031853333115578,105.85260562598705,"[6644368693, 1497570437]",1.893551
21.031876048073173,105.8523945696652,"[11465167155, 6644368693]",1.563849
21.03188124485314,105.85235693491995,"[11465167155, 6644368693]",1.563849
21.03185886517167,105.85215861909091,"[11336026503, 11336026494]",2.5654
21.03184813633561,105.85212383419275,"[11336026503, 11336026494]",0.891775
21.031825337558985,105.85189358331263,"[6644554184, 1497570444]",0.391842
21.03183195926249,105.85184756666422,"[6644554184, 1497570444]",1.857276
21.03185928426683,105.85168839432299,"[5927909819, 1497570444]",4.90439
21.031875628978014,105.8516670204699,"[5927909819, 1497570444]",2.469213
21.031936733052135,105.85165369324386,"[1497570444, 1748253600]",1.624918
21.031984761357307,105.85158336907625,"[1497570444, 1748253600]",1.324853
21.032007476314902,105.85156786255538,"[1497570444, 1748253600]",0.151867
21.032014852389693,105.8515829499811,"[1497570444, 1748253600]",1.474698
21.032153656706214,105.85173508152366,"[10584029084, 10584029085]",4.589709
21.032183496281505,105.85174916312099,"[10584029082, 10584029083]",2.648309
21.03221165947616,105.85175494663417,"[10584029082, 10584029083]",0.221424
21.03222875855863,105.85172519087791,"[6644455608, 6644455607]",2.949395
21.032253820449114,105.85158311761916,"[6644455608, 75618721]",3.115581
21.032262789085507,105.85149401798844,"[6644455608, 75618721]",2.886008
21.032279217615724,105.85139787755907,"[6644455608, 75618721]",2.00363
21.032280139625072,105.85138245485723,"[6644455608, 75618721]",2.00363
21.032269159331918,105.85137004964054,"[6651101877, 75618721]",2.264263
21.03226236999035,105.85134004242718,"[6651101877, 75618721]",0.851843
21.032290533185005,105.85132705047727,"[6651101877, 75618721]",0.382476
21.03247887454927,105.85126711986959,"[969250589, 6644455600]",4.833884
21.032509971410036,105.85124935023487,"[969250589, 6644455600]",5.795122
21.03270309045911,105.85120157338679,"[969250589, 6644455600]",5.16366
21.032868716865778,105.85114977322519,"[969250589, 6644455600]",5.795122
21.033081952482462,105.85110057145357,"[969250589, 81795094]",2.920781
21.033128136768937,105.85109948180616,"[969250589, 81795094]",1.129943
21.033296026289463,105.85104675963521,"[969250589, 81795094]",1.270443
21.03346886113286,105.85096914321184,"[969250589, 81795094]",1.364762
21.033626440912485,105.85088205523789,"[969250589, 81795094]",0.103955
21.033751582726836,105.85081106051803,"[969250589, 81795094]",1.364762
21.033860379830003,105.85072145797312,"[969250589, 81795094]",5.319451
21.03387152776122,105.85071735084057,"[969250589, 81795094]",5.084745
21.03389206342399,105.85071475245059,"[969250589, 81795094]",4.424323
21.033904384821653,105.85068617016077,"[969250589, 81795094]",6.684146
21.033910671249032,105.85065515711904,"[969250589, 81795094]",9.369874
21.033964147791266,105.85064903832972,"[969250589, 81795094]",7.579326
21.033935397863388,105.85068566724658,"[969250589, 81795094]",5.319451
21.033838419243693,105.85076169110835,"[969250589, 81795094]",2.259887
21.033823247998953,105.85078172385693,"[969250589, 81795094]",1.035107
21.033792486414313,105.85084416903555,"[969250589, 81795094]",3.485707
21.03377672843635,105.85087526589632,"[969250589, 81795094]",5.884419
21.033717887476087,105.85090342909098,"[969250589, 81795094]",5.980057
21.03370975703001,105.85090627893806,"[969250589, 81795094]",5.884419
21.03369357995689,105.85092245601118,"[969250589, 81795094]",6.684146
21.033673379570246,105.85100568830967,"[969250589, 81795094]",13.794002
21.033640522509813,105.85096813738346,"[969250589, 81795094]",8.804904
21.033615544438362,105.85100694559515,"[969250589, 81795094]",11.395145
21.033544298261404,105.85105136968195,"[969250589, 81795094]",12.525082
21.033477159217,105.85109964944422,"[969250589, 81795094]",14.219989
21.03332024998963,105.85120392031968,"[969250589, 81795094]",17.375202
21.033208770677447,105.85124189034104,"[969250589, 81795094]",16.149525
21.033177757635713,105.85125354118645,"[969250589, 81795094]",15.914898
21.033054627478123,105.8513128850609,"[11817792742, 7202275037]",4.011936
21.032995535060763,105.85133199580014,"[11817792742, 7202275037]",2.754927
21.032953877002,105.85134322755039,"[11817792742, 7202275037]",7.569227
21.032921774312854,105.85135613568127,"[11817792742, 7202275037]",11.340389
21.032851366326213,105.85138304159045,"[969250589, 6644455600]",17.156566
21.032814234495163,105.85137792862952,"[969250589, 6644455600]",15.563526
21.03269244544208,105.85148463025689,"[969250589, 6644455600]",22.979152
21.03266604244709,105.85150013677776,"[969250589, 6644455600]",23.711484
21.032508965581656,105.8514946885407,"[969250589, 6644455600]",18.877665
21.032378124073148,105.8514859713614,"[6644455608, 75618721]",9.66777
21.03233235888183,105.85152972489595,"[6644455608, 75618721]",4.999358
21.03231467306614,105.85159183479846,"[6644455608, 75618721]",3.666779
21.032284246757627,105.8516519330442,"[6644455608, 75618721]",0.781924
21.032205875962973,105.8517055772245,"[10584029084, 10584029085]",1.498118
21.03210403583944,105.85173826664686,"[10584029087, 10584029088]",6.345102
21.032067574560642,105.85176642984152,"[10584029037, 10584029094]",7.067964
21.032061371952295,105.85181965492666,"[10584029037, 10584029094]",7.17724
21.03201954625547,105.85179476067424,"[10584029037, 10584029094]",2.361842
21.031944528222084,105.85175972431898,"[11465167155, 1497570444]",3.321357
21.03182516992092,105.85179853253067,"[11304264854, 11304264855]",4.58184
21.031694496050477,105.8519001211971,"[11304581258, 5857305467]",2.82636
21.031664572656155,105.85203456692398,"[11304265619, 11304581257]",2.785312
21.03163942694664,105.85226255469024,"[11304581255, 11304581254]",0.978448
21.031636325642467,105.85229524411261,"[11304265620, 11304581254]",2.455546
21.03161939419806,105.85251837037504,"[11331266724, 11331266723]",1.987512
21.031614867970347,105.8525806479156,"[11331266723, 11304890232]",1.673642
21.031615119427443,105.85269279778004,"[11331266723, 11304890232]",0.221424
21.031661136075854,105.85273671895266,"[11323279300, 7202554809]",2.126518
21.031666919589043,105.85275683552027,"[11323279300, 7202554809]",3.018004
21.031636744737625,105.85281852632761,"[11323279300, 7202554809]",0.672356
21.031552087515593,105.85298054851592,"[11304265503, 11304265502]",0.489224
21.031543454155326,105.85303687490523,"[11304265502, 11304265501]",2.858649
21.031483775004745,105.85308448411524,"[11304265501, 11304265500]",0.985281
21.031354358419776,105.8530991524458,"[11308901393, 11304581250]",0.879491
21.03133013471961,105.85316277109087,"[11304581247, 11304581246]",0.454885
21.031252266839147,105.85319411940873,"[11304581246, 11304265498]",3.912886
21.031229635700583,105.85319504141808,"[11304581246, 11304265498]",5.090561
21.0312132909894,105.85320526733994,"[11304581246, 11304265498]",5.090561
21.031125783920288,105.85328405722976,"[11304581242, 11304581241]",1.514777
21.030983375385404,105.85339243523777,"[11304581242, 11304265497]",0.330933
21.030832836404443,105.85347197949886,"[11304581234, 11304570767]",1.177746
21.03081565350294,105.85352436639369,"[11304581234, 11304570767]",2.591042
21.030771983787417,105.853739278391,"[10584029024, 10584029008]",1.017867
21.030743569135666,105.8538309764117,"[2218313053, 2218313051]",0.244612
21.030714316293597,105.85385553538799,"[2218313053, 2218313051]",4.118967
21.030637621879578,105.85390909574926,"[2218313053, 75617763]",0.311864
21.03060794994235,105.85395159199834,"[10583987383, 10583987381]",0.311864
21.03058204986155,105.85405234247446,"[10583987383, 10583987381]",10.189967
21.030560759827495,105.85406768135726,"[10583987383, 10583987381]",11.852905
21.0305380448699,105.85406575351954,"[10583987383, 10583987381]",11.748969
21.030476186424494,105.85407162085176,"[10583987383, 10583987381]",12.47653
21.03040468879044,105.85408955812454,"[10583987383, 10583987381]",14.557448
21.030351296067238,105.85408444516361,"[10583987381, 10583987380]",14.040871
21.030319947749376,105.85405963473022,"[10583987381, 10583987380]",11.647664
21.030289186164737,105.85405502468348,"[10583987381, 10583987380]",11.23202
21.03026152588427,105.85406173020601,"[10583987381, 10583987380]",12.063319
21.030168989673257,105.85417077876627,"[10583987381, 10583987380]",23.71098
21.02997662499547,105.85420807823539,"[10583987381, 10583987380]",28.182383
21.029808232560754,105.85412425920367,"[10583987381, 10583987380]",19.966979
21.029740339145064,105.85409877821803,"[10583987380, 10583987401]",17.577064
21.0296624712646,105.85407421924174,"[10583987380, 10583987401]",15.291365
21.029613772407174,105.85406659170985,"[10583987401, 11335253065]",12.51433
21.029536239802837,105.85406365804374,"[10583987401, 11335253065]",3.87631
21.029395842924714,105.85405125282705,"[10583987401, 11335253065]",11.739603
21.029332978650928,105.85402895696461,"[10583987401, 10583987379]",11.962991
21.029155952855945,105.85395745933056,"[10583987401, 10583987379]",5.20245
21.029096357524395,105.85395469330251,"[10583987401, 10583987379]",5.306312
21.02907758206129,105.85396064445376,"[10583987401, 10583987379]",5.929554
21.029029386118054,105.85398025810719,"[10583987401, 10583987379]",8.115267
21.028908770531416,105.85392116568983,"[10583987401, 10583987379]",2.497368
21.02885319851339,105.85386827588081,"[11348293011, 10583987377]",4.698877
21.028698887676,105.85378194227815,"[9966237368, 6644360681]",0.838975
21.028671227395535,105.85381069220603,"[9966237368, 6644360681]",4.313597
21.02865152992308,105.85381798446178,"[9966237370, 9966237335]",3.988876
21.028632251545787,105.85381706245244,"[9966237370, 9966237335]",3.680284
21.02860316634178,105.8538375981152,"[9966237370, 9966237335]",1.045426
21.028568129986525,105.85384413599968,"[9966237370, 9966237335]",0.103955
21.02854985743761,105.85386953316629,"[9966237370, 9966237335]",3.047039
21.028510630130768,105.85386735387146,"[9966237372, 9966237370]",0.891775
21.028455393388867,105.85389526560903,"[9966237372, 9966237370]",5.683869
21.028336873278022,105.8538655936718,"[9966237370, 9966237369]",6.316369
21.028116261586547,105.85385218262672,"[9966237369, 9966237353]",8.627194
21.028102934360504,105.85386333055794,"[9966237369, 9966237353]",9.980022
21.027988018468022,105.85384279489517,"[9966237380, 9966237349]",8.725163
21.027943594381213,105.8538275398314,"[9966237380, 9966237349]",3.690281
21.02779825218022,105.85377565585077,"[11435116273, 9966237354]",2.470901
21.027745697647333,105.85375453345478,"[11435116387, 11435116269]",2.20817
21.0276731941849,105.8537569642067,"[11435116388, 11435116387]",3.361781
21.027580155059695,105.85376408882439,"[11435116386, 5857305389]",1.563849
21.027540676295757,105.85378487594426,"[11435116390, 11435116386]",3.577546
21.02749784477055,105.85378177464008,"[11435116390, 11435116389]",0.563236
21.02747588418424,105.85378303192556,"[11435116390, 11435116389]",1.78355
21.02743959054351,105.8537995442748,"[11435116390, 11435116385]",0.430305
21.027362225577235,105.853778924793,"[11435116364, 11217220360]",0.221424
21.02727312594652,105.853789485991,"[11217220362, 8184606210]",1.454194
21.027201376855373,105.8537757396698,"[11217220362, 8184606210]",6.614204
21.027119737118483,105.85377791896462,"[8184606209, 5703662588]",9.229484
21.02708243764937,105.85379619151354,"[8184606209, 5703662588]",5.3959
21.02705259807408,105.85381655953825,"[8184606209, 5703662588]",2.707447
21.027044048532844,105.85387053899467,"[8184606209, 5703662588]",2.707447
21.0269910749048,105.8539036475122,"[8184606209, 5703662588]",2.470901
21.026904322206974,105.85390834137797,"[8184606209, 5703662588]",11.918207
21.02683575823903,105.85385654121637,"[8184606209, 5703662588]",20.257562
21.026785299181938,105.85383038967848,"[10555858430, 8184606209]",25.881582
21.026772558689117,105.85382142104208,"[10555858430, 8184606209]",25.248248
21.02666133083403,105.85380046628416,"[10555858430, 8184606209]",24.940125
21.026645321398973,105.85380683653057,"[10555858430, 8184606209]",25.984302
21.026401575654745,105.85377247072756,"[8184606188, 10555858430]",26.514923
21.026192447170615,105.85364565253258,"[8184606191, 8184606192]",16.105826
21.02609639056027,105.8536102809012,"[8184606191, 8184606192]",4.834326
21.025845939293504,105.85351816378534,"[8184606172, 5405026112]",8.235211
21.02580235339701,105.85353509522974,"[8184606172, 5405026112]",10.871492
21.025695148855448,105.85352813825011,"[8184606172, 5405026112]",12.240841
21.02566254325211,105.85346762090921,"[8184606172, 5405026112]",6.763643
21.025624657049775,105.85341045632958,"[8184606157, 5405026112]",1.574963
21.02558626793325,105.85343015380204,"[8184606157, 5405026112]",4.332027
21.025547040626407,105.85344306193292,"[8184606157, 5405026112]",6.437158
21.025468753650784,105.85343291983008,"[8184606159, 8184606158]",1.819182
21.02529457770288,105.85341875441372,"[8184606178, 8178544878]",4.766793
21.025253674015403,105.85343308746815,"[8184606178, 8178544878]",8.595005
21.02524043060839,105.85345496423542,"[8184606178, 8178544878]",9.396647
21.025157952681184,105.85364892147481,"[8184606178, 8178544878]",12.180839
21.025080671533942,105.85384346544743,"[8184606178, 8178544878]",14.374678
21.025049071758986,105.85391747765243,"[8184606178, 8178544878]",15.52451
21.025094334036112,105.85415451787412,"[8184606178, 8178544878]",3.48024
21.025073463097215,105.85421687923372,"[8184606178, 8178544878]",3.828264
21.025079246610403,105.854362975806,"[8184606184, 8184606178]",1.286863
21.025002133101225,105.85454394109547,"[8184606184, 8184606178]",1.286863
21.025021243840456,105.85463153198361,"[8184606184, 8184606178]",3.48024
21.025037672370672,105.85479238070548,"[6646826309, 317367071]",2.784192
21.024969024583697,105.85495733655989,"[6646826309, 317367071]",0.348024
21.024913620203733,105.85502204485238,"[8184606184, 6646826309]",3.076554
21.02489199489355,105.85503947921097,"[8178544879, 8178544880]",4.804167
21.024836339056492,105.85520409978926,"[8184202947, 8184202946]",3.183274
21.024817982688546,105.85539118386805,"[8184202955, 8184202945]",2.890038
21.02479518391192,105.85541037842631,"[8184202955, 8184202945]",0.938997
21.024733241647482,105.85551389493048,"[8184202955, 8184202945]",2.54204
21.02472829632461,105.85552806034684,"[8184202955, 8184202945]",2.648309
21.024703150615096,105.85562118329108,"[8184202955, 8184202945]",2.54204
21.024690242484212,105.85565378889441,"[8184202955, 8184202945]",2.996237
21.024652356281877,105.85571816191077,"[8184202955, 8184202945]",5.084081
21.024650260806084,105.8558292221278,"[8184202955, 4022966514]",0.330933
21.024644393473864,105.85585948079824,"[8184606234, 8184202955]",1.74012
21.024569626897573,105.85603918880224,"[8184606234, 8184202955]",4.176288
21.024530651047826,105.85612929426134,"[8184606234, 8184202955]",5.462826
21.02443023584783,105.85631084628403,"[8184606234, 8184202955]",10.652239
21.024422524496913,105.85635627619922,"[8184606234, 8184202955]",9.987092
21.024400144815445,105.85657143965364,"[8184606234, 8184202955]",5.810844
21.024341052398086,105.85676967166364,"[11505242369, 11505221168]",1.322442
21.024337699636817,105.85682658478618,"[8184202944, 9965351606]",3.568289
21.024323534220457,105.85684259422123,"[8184202943, 8184202944]",3.809253
21.024183221161366,105.85682985372841,"[11505242369, 11505221168]",4.819022
21.024161344394088,105.85683505050838,"[11505221168, 10142034221]",3.703798
21.024081967771053,105.85683236829937,"[11505221168, 10142034221]",1.32373
21.023979960009456,105.85676916874945,"[11505221168, 10142034221]",4.034516
21.023957999423146,105.85677185095847,"[10142034221, 6662487544]",3.042502
21.02389278821647,105.85675902664661,"[10142034223, 8184202956]",2.08385
21.023857416585088,105.85674385540187,"[10142034223, 8184202956]",2.381521
21.023812321946025,105.85673974826932,"[10142034223, 8184202956]",1.19076
21.023750882595778,105.85672658868134,"[10142034223, 8184202956]",0.430305
21.023715594783425,105.85670094005764,"[10142034223, 8184202956]",1.851899
21.023693466559052,105.85667788982391,"[10142034223, 8184202956]",3.373122
21.023667231202126,105.85667948238552,"[10142034223, 8184202956]",2.381521
21.0236460249871,105.85667436942458,"[10142034223, 8184202956]",2.182633
21.023616269230843,105.85666414350271,"[10142034223, 8184202956]",2.08385
21.02350529283285,105.85662248544395,"[10142034223, 8184202956]",2.51342
21.023436728864908,105.85660295560956,"[10142034223, 8184202956]",2.08385
21.023261044174433,105.85653623566031,"[8184202938, 8184202937]",0.635364
21.023235227912664,105.85653657093644,"[8184202938, 8184202937]",3.379415
21.023030625656247,105.85654688067734,"[6662487546, 102985688]",1.42212
21.022847648710012,105.8565594535321,"[8189781425, 8189764811]",1.72122
21.022824933752418,105.85654746741056,"[8189781425, 8189764811]",2.182633
21.022698618471622,105.85647655650973,"[6662487546, 5704382356]",2.711957
21.022541457787156,105.85637664422393,"[6662487546, 5704382356]",1.951348
21.022519916296005,105.85636306554079,"[6662487546, 5704382356]",2.612506
21.022498877719045,105.85633775219321,"[8189781427, 8184202925]",1.951348
21.022378765046597,105.85628938861191,"[8184202925, 8184202914]",0.760625
21.02230458520353,105.8562729600817,"[8184202925, 8184202914]",1.42212
21.02214097045362,105.85623406805098,"[8184202925, 8184202914]",2.58183
21.022042147815228,105.85619417019188,"[8184202925, 8184202914]",1.620986
21.022023875266314,105.85619282908738,"[8184202925, 8184202914]",2.051244
21.021965285763144,105.85618536919355,"[8184202925, 8184202914]",3.1421
21.02193812839687,105.85618436336517,"[6662352881, 5704382356]",2.682419
21.021735118702054,105.8561035618186,"[6662352878, 98012399]",4.282073
21.02161282673478,105.85609417408705,"[6662352880, 98012399]",1.32373
21.021445859223604,105.85604296065867,"[11217947433, 6662352880]",1.091317
21.021360866725445,105.85600616410375,"[11217947433, 5707054217]",2.151525
21.021344354376197,105.85600859485567,"[11217947433, 5707054217]",1.290915
21.021277466788888,105.85603717714548,"[8189781448, 8189781428]",3.27395
21.02125709876418,105.85603977553546,"[8189781448, 8189781428]",2.281876
21.02123069576919,105.8560364227742,"[8189781448, 8189781428]",1.851899
21.02115106768906,105.85604044608772,"[8189781448, 8189781428]",1.19076
21.02109817788005,105.85603541694582,"[8189781448, 8189781428]",2.381521
21.02106548845768,105.85602192208171,"[8189781448, 8189781428]",2.182633
21.021049227565527,105.85602359846234,"[8189781448, 8189781428]",2.943205
21.02095166221261,105.85600138641894,"[8189781448, 8189781428]",3.803127
21.02090422064066,105.85600004531443,"[8189781448, 8189781428]",5.324378
21.020754519850016,105.85589686408639,"[8189781448, 8189781428]",0.103955
21.020609429106116,105.85568144917488,"[9965357129, 8184202899]",1.19076
21.020476073026657,105.8555821236223,"[9965357129, 8184202899]",4.034516
21.02039124816656,105.85550643503666,"[9965357129, 8184202899]",8.730534
21.020361995324492,105.85549034178257,"[9965357129, 8184202899]",9.259495
21.020322935655713,105.85548061877489,"[9965357129, 8184202899]",8.829614
21.02026753127575,105.85547575727105,"[8184202899, 8184202885]",7.536349
21.020166026428342,105.8554528746754,"[8184202884, 11217954547]",5.235198
21.020176839083433,105.85544843226671,"[8184202884, 11217954547]",6.444049
21.02017465978861,105.85543166846037,"[8184202905, 8184202883]",6.792516
21.020002830773592,105.85543183609843,"[8184202854, 11217954549]",2.892046
21.019940385594964,105.85544826462865,"[11217954548, 8184202853]",0.415819
21.019892022013664,105.85542437620461,"[8184202851, 11217954548]",2.227513
21.01968616247177,105.85537048056722,"[8189781488, 8184202850]",0.564972
21.019586669281125,105.8554074447602,"[6662352884, 5707599797]",3.572281
21.01953998208046,105.85542001761496,"[6662352884, 5707599797]",0.760625
21.0194584261626,105.85545153357089,"[6689486564, 5707599797]",0.454885
21.01938265375793,105.85539503954351,"[6685594996, 5707599797]",1.951348
21.01924535818398,105.8553558960557,"[6685594996, 5707599797]",2.745645
21.01919791661203,105.85535044781864,"[8189781484, 6689486564]",3.241971
21.019187020137906,105.85535187274218,"[8189781484, 6689486564]",2.711957
21.019180649891496,105.85535304620862,"[8189781484, 6689486564]",2.381521
21.019147373735905,105.85534642450511,"[8189781484, 6689486564]",2.051244
21.01898987777531,105.85538565181196,"[8189781484, 6689486564]",6.945147
21.01886465214193,105.8553886692971,"[8189781484, 6689486564]",11.147045
21.01879382506013,105.8552541397512,"[8189781484, 6689486564]",0.0
21.018755435943604,105.85519278421998,"[6685594996, 5707599797]",3.27395
21.01867807097733,105.85511692799628,"[6685594996, 5707599797]",1.654663
21.01850456558168,105.85500997491181,"[8189781488, 6685594996]",1.819541
21.018389398232102,105.85493713617325,"[10130015979, 102986558]",0.835379
21.01825436577201,105.85495616309345,"[8184202831, 8184202830]",1.235451
21.01824657060206,105.85497099906206,"[8184202830, 8184202829]",1.634797
21.01822125725448,105.8549967315048,"[8184202829, 8184202828]",3.3817
21.01820164360106,105.85499471984804,"[8184202829, 8184202828]",5.439336
21.018085470423102,105.8550432510674,"[8184202827, 8184202826]",8.19277
21.017988827079535,105.85508331656456,"[8184202827, 8184202826]",9.319947
21.017947839573026,105.85507526993752,"[8184202827, 8184202826]",12.146061
21.01776628755033,105.85516436956823,"[8184202827, 8184202826]",13.180706
21.017589680850506,105.85524844005704,"[8184202827, 8184202826]",14.358266
21.01749806664884,105.85533494129777,"[8184202827, 8184202826]",10.968483
21.01745498366654,105.85538162849844,"[8184202827, 8184202826]",8.756269
21.017442075535655,105.85539545863867,"[8184202827, 8184202826]",8.28524
21.01742816157639,105.85542873479426,"[8184202827, 8184202826]",5.837513
21.01742279715836,105.85552856326103,"[11217220431, 6685594997]",1.741287
21.017294470220804,105.85567692294717,"[11217220436, 11217220430]",0.235549
21.01720679551363,105.8557602390647,"[11217220436, 8349804723]",3.297689
21.01707628928125,105.85583249107003,"[11217220436, 8349804723]",2.970786
21.016920553520322,105.85593399591744,"[11217220436, 8349804723]",4.239886
21.016893228515983,105.85594614967704,"[11217220436, 8349804723]",3.768788
21.016751071438193,105.85599644109607,"[11217220436, 8349804723]",0.942197
21.016726261004806,105.85602066479623,"[11217220436, 8349804723]",1.884394
21.01665618829429,105.85602234117687,"[11217220436, 8349804723]",1.648845
21.016472792252898,105.85603784769773,"[8349804731, 8349804730]",1.413295
21.01642149500549,105.85606559179723,"[8349804731, 8349804730]",1.413295
21.016299622133374,105.85620657540858,"[8349804724, 8259084782]",2.346376
21.016254695132375,105.85620892234147,"[8259084782, 8189781603]",2.119943
21.01614304818213,105.85625326260924,"[8259084782, 8189781603]",0.471098
21.016016229987144,105.85630699060857,"[8189781603, 103001443]",1.177746
21.016001142561436,105.8563123550266,"[8189781603, 103001443]",1.413295
21.015830151736736,105.85641243495047,"[8189781601, 8184177176]",1.026947
21.01567047648132,105.85650824010372,"[8259084801, 8259084799]",0.564972
21.015511387959123,105.85654553957283,"[8349804735, 8349804734]",0.235549
21.015393286943436,105.85657118819654,"[8349804735, 8259084804]",1.123829
21.015354059636593,105.8565956633538,"[8349804735, 8184177175]",4.004337
21.015256578102708,105.85663237608969,"[8349804735, 8184177175]",5.888731
21.015071757137775,105.8566976711154,"[8349804735, 8184177175]",9.710047
21.014995649456978,105.85673153400421,"[8349804735, 8184177175]",10.652201
21.01487595587969,105.85680554620922,"[8349804735, 8184177175]",10.272526
21.014738073572516,105.85692666471004,"[8349804735, 8184177175]",6.503806
21.014610836282372,105.8570087235421,"[8349804735, 8184177175]",5.797181
21.014544116333127,105.85697737522423,"[8349804735, 8184177175]",12.300985
21.014497596770525,105.8570325281471,"[8349804735, 8184177175]",9.657519
21.014482844620943,105.85707477293909,"[8349804735, 8184177175]",6.595379
21.014465242624283,105.85710293613374,"[8349804735, 8184177175]",4.999526
21.014407072216272,105.8571070432663,"[8184177173, 8184177172]",2.194051
21.01438402198255,105.8571191970259,"[8184202740, 8184177172]",0.531434
21.0143019631505,105.85721508599818,"[8971506804, 8179214835]",2.351054
21.01425452157855,105.85724174045026,"[8179214836, 8179214826]",0.455602
21.014163242653012,105.85726319812238,"[8189781657, 8179214851]",4.293035
21.014032484963536,105.85735372267663,"[8179214851, 6408474761]",0.635364
21.01387389935553,105.85741633549333,"[8971506805, 8179214851]",5.797181
21.013700645416975,105.85746738128364,"[8971506805, 8259084638]",6.352412
21.01360064931214,105.85750149562955,"[8971506806, 8259084639]",2.003286
21.01353728212416,105.85756679065526,"[8971506806, 8259084639]",7.426941
21.013468634337187,105.85764071904123,"[8179214852, 6408474764]",1.368265
21.013306444510818,105.85780366323888,"[8179214824, 8179214853]",0.564972
21.013283394277096,105.8578100334853,"[8179214854, 8179214824]",0.382476
21.013210471719503,105.85785462521017,"[8971506801, 8179214854]",1.296633
21.013192869722843,105.8578697964549,"[8971506801, 8179214854]",1.147427
21.01309589110315,105.85801815614104,"[8259084633, 6408474773]",0.914303
21.012997068464756,105.85812787525356,"[8189781646, 8189781647]",1.529903
21.012799758464098,105.85819476284087,"[10142034355, 8189781661]",0.235549
21.012705881148577,105.858105244115,"[6408478721, 8179214856]",7.944576
21.012579230591655,105.85817959159613,"[6408478721, 8179214856]",8.006228
21.012434726580977,105.85828369483352,"[8971506808, 8259084612]",4.665735
21.012318218126893,105.85830573923886,"[8971506808, 8259084612]",7.373488
21.012293994426727,105.85832015611231,"[8971506808, 8259084612]",10.322883
21.012152675539255,105.85842149332166,"[8971506809, 8259084625]",2.228034
21.012065336108208,105.85846398957074,"[8971506809, 8259084625]",12.73924
21.012038430199027,105.85849743336439,"[8971506809, 8259084625]",17.19523
21.011998867616057,105.85857354104519,"[8179214858, 2276766201]",9.812408
21.01185872219503,105.85869021713734,"[8179214859, 6408478720]",2.612506
21.01174154318869,105.85885148495436,"[8179214860, 6408478729]",10.130149
21.01171312853694,105.85888392291963,"[8179214860, 6408478729]",5.478874
21.01168136112392,105.8589702565223,"[8179214860, 6408478729]",3.050667
21.011642888188362,105.85908886045218,"[8179214861, 8179214860]",1.828607
21.01148648187518,105.85922657512128,"[8179214861, 8179214860]",0.682846
21.011440884321928,105.85926068946719,"[8179214861, 8179214860]",0.764952
21.01140526123345,105.85928658954799,"[8179214861, 8179214860]",0.999024
21.01135354489088,105.85931919515133,"[8179214861, 11733510934]",0.303735
21.011322867125273,105.8593521360308,"[8179214862, 8179214861]",1.064367
21.011229492723942,105.85944232530892,"[8179214862, 8179214861]",0.235549
21.01114148274064,105.85949253290892,"[8179214862, 8179214861]",1.446393
21.011099740862846,105.85952119901776,"[8179214862, 8179214861]",1.828607
21.01102665066719,105.85952212102711,"[8179214862, 8179214861]",6.566802
21.011013239622116,105.85952413268387,"[8179214862, 8179214861]",7.39743
21.01084786467254,105.85961172357202,"[8971506810, 8179214862]",10.988384
21.010790029540658,105.85964089259505,"[8971506810, 8767305176]",8.340867
21.01070763543248,105.85968322120607,"[8971506810, 8767305176]",1.567369
21.01068466901779,105.85969981737435,"[8971506810, 8767305176]",4.758082
21.010571429505944,105.8597403857857,"[8971506811, 8259070073]",4.585156
21.010466488078237,105.85975446738303,"[8971506812, 8259070075]",9.027732
21.01044855080545,105.85975698195398,"[8971506812, 8259070075]",7.252318
21.010418962687254,105.85983476601541,"[8971506812, 8259070075]",0.151867
21.010408820584416,105.8598730713129,"[8971506812, 8259070075]",3.310782
21.010390128940344,105.85994238965213,"[8971506813, 8259070077]",7.553752
21.01038166321814,105.86000005714595,"[8971506813, 8259070077]",3.310782
21.010370599105954,105.86003953590989,"[8971506813, 8259070077]",0.151867
21.01031712256372,105.86012746207416,"[10142034361, 8971506813]",3.274969
21.01019114255905,105.86021404713392,"[10142034361, 8971506813]",4.421822
21.01016717031598,105.86022125557065,"[10142034361, 8971506813]",5.419506
21.01001068018377,105.86031747981906,"[10142034361, 8971506813]",7.779798
21.00994764827192,105.86035796441138,"[10142034361, 8971506813]",8.544562
21.0099071636796,105.86034388281405,"[10142034361, 8971506813]",12.434455
21.00988369435072,105.86033592000604,"[10142034361, 8971506813]",14.579491
21.009719157591462,105.86043055169284,"[6886601467, 6886601469]",3.35406
21.009696777909994,105.86043901741505,"[6886601467, 6886601469]",0.994804
21.009554537013173,105.86050506681204,"[6886601469, 6886638901]",15.48952
21.00944154895842,105.86058184504509,"[8179214863, 8179203915]",22.48629
21.00925932638347,105.86065677925944,"[8179203915, 8179203916]",1.22306
21.009254548698664,105.86066256277263,"[8179203915, 8179203916]",0.489224
21.009248597547412,105.86066105403006,"[8179203915, 8179203916]",0.0
21.00923962891102,105.86066164076328,"[8179203915, 8179203916]",0.978448
21.009241975843906,105.86066205985844,"[8179203915, 8179203916]",0.733836
21.009246669709682,105.86069642566144,"[8179203916, 8179214817]",1.711946
21.009260080754757,105.86071511730552,"[8179203916, 8179214817]",1.624918
21.009250190109015,105.86076624691486,"[10137277939, 5716337814]",1.518674
21.00923334248364,105.86076314561069,"[10137277939, 5716337814]",2.653986
21.00923099555075,105.86074428632855,"[10137277939, 5716337814]",1.366806
21.00924122147262,105.86074965074658,"[10137277939, 5716337814]",1.063072
21.00924256257713,105.86073816753924,"[10137277939, 5716337814]",0.0
21.009248681366444,105.86076121777296,"[10137277939, 5716337814]",1.214939
21.009126221761107,105.86079399101436,"[10137277934, 10137277933]",4.615592
21.009049946442246,105.86078275926411,"[4592527914, 4592527913]",0.553559
21.009031757712364,105.86075786501169,"[4592527914, 4592527913]",2.775595
21.008931593969464,105.86069433018565,"[6661681196, 1497971619]",3.005445
21.008913489058614,105.8606865350157,"[10137277933, 10137277931]",3.859379
21.008888091892004,105.86066599935293,"[10137277931, 5716337810]",2.236092
21.008872836828232,105.86066692136228,"[10137277931, 5716337810]",0.672356
21.00884836167097,105.86065937764943,"[10137277931, 5716337810]",2.236092
21.00872665643692,105.8606968447566,"[5716403734, 5716337810]",0.799898
21.00868365727365,105.86071545258164,"[6661681188, 5716403734]",2.302206
21.00860796868801,105.86072165518999,"[10137277848, 5716403734]",3.224497
21.008431361988187,105.86080463603139,"[10137277892, 10137277891]",5.312084
21.008236734196544,105.86081041954458,"[10137277893, 10137277892]",3.76848
21.008180491626263,105.86082056164742,"[10137277893, 10137277892]",4.181703
21.008099354803562,105.86083078756928,"[10137277893, 10137277892]",4.285088
21.007952922955155,105.86085023358464,"[10137277894, 10137277893]",4.194873
21.007929788902402,105.86084579117596,"[10137277894, 10137277893]",3.458971
21.00776256993413,105.8608199749142,"[10137277896, 10137277895]",2.414743
21.007711188867688,105.86080622859299,"[11736650321, 98020220]",2.329485
21.0076448880136,105.8608160354197,"[98020217, 98020220]",0.60747
21.007497450336814,105.86078334599733,"[6629593315, 98019488]",3.136278
21.007326459512115,105.8607972599566,"[10137277850, 10137277864]",3.372294
21.007218584418297,105.86080052889884,"[10137277850, 10137277864]",1.900433
21.00715479813516,105.86077286861837,"[10137277867, 10137277850]",2.00287
21.007083551958203,105.86071478202939,"[10137277867, 6410602343]",0.455602
21.00699403323233,105.86080463603139,"[10137277851, 10137277866]",0.838975
21.00695681758225,105.86082383058965,"[10137277851, 10137277866]",0.736057
21.006931085139513,105.86083103902638,"[10137277851, 10137277866]",1.25236
21.006735786795616,105.86089046671987,"[6410602346, 5701305933]",1.666956
21.00659723393619,105.86092164739966,"[6410602346, 5701305933]",0.103955
21.006467482075095,105.8609196357429,"[6410602346, 5701305933]",1.459571
21.00644962862134,105.86091787554324,"[6410602346, 5701305933]",1.88424
21.006376538425684,105.86089323274791,"[10137277873, 10137277852]",1.677949
21.006324151530862,105.86088887415826,"[10137277873, 10137277852]",0.736057
21.006250055506825,105.86091678589582,"[10137277873, 6410602346]",0.221424
21.006068252027035,105.86097596213222,"[6410602346, 98019484]",0.103955
21.005905140191317,105.86099565960467,"[6410602346, 98019484]",0.103955
21.005766838788986,105.86100052110851,"[6410602346, 98019484]",1.045426
21.005613366141915,105.86098233237863,"[10137277869, 10137277868]",2.401189
21.00548562593758,105.86101326160133,"[98019484, 5684444138]",3.032927
21.005371548235416,105.861028265208,"[98019484, 5684444138]",2.82636
21.00535654462874,105.8610303606838,"[98019484, 5684444138]",2.82636
21.005222517997026,105.8610340487212,"[10137277875, 10137277869]",3.458971
21.005035433918238,105.86103421635926,"[10137277875, 10137277874]",1.25236
21.00500869564712,105.86103438399732,"[10137277874, 6629815497]",0.110712
21.004865616559982,105.86106296628714,"[10137277877, 10137277874]",2.297697
21.00476679392159,105.86104863323271,"[10137277877, 10137277874]",0.311864
21.004741648212075,105.86106137372553,"[10137277877, 10137277874]",0.633478
21.00461868569255,105.86109263822436,"[10137277877, 10137277874]",2.504719
21.004550540819764,105.86107855662704,"[10137277877, 10137277874]",0.311864
21.004433697089553,105.86107512004673,"[10137277877, 10137277874]",1.459571
21.004382483661175,105.86108098737895,"[10137277877, 10137277874]",1.459571
21.004213923588395,105.861104875803,"[10137277870, 10137277877]",0.94212
21.004082076251507,105.86115013808012,"[10137277876, 10137277870]",2.194249
21.0039528273046,105.86117159575224,"[10137277881, 10137277876]",3.032927
21.00385165773332,105.86128307506442,"[10137277753, 10137277742]",0.207909
21.003670189529657,105.86131081916392,"[10137277753, 10137277742]",0.838975
21.00353012792766,105.86126404814422,"[10255099093, 5684444144]",1.563246
21.003498528152704,105.86124795489013,"[10255099093, 5684444144]",0.415819
21.003469778224826,105.8612618688494,"[10255099093, 5684444144]",0.736057
21.00334924645722,105.86128575727344,"[6629899060, 5684444144]",1.88424
21.003331393003464,105.86126379668713,"[6629899060, 5684444144]",0.519774
21.003287890926003,105.8612547442317,"[6629899060, 5684444144]",1.88424
21.003271378576756,105.86127268150449,"[6629899060, 5684444144]",0.207909
21.003260230645537,105.86128173395991,"[6629899060, 5684444144]",0.519774
21.003236677497625,105.86128869093955,"[6629899060, 5684444144]",1.045426
21.003222344443202,105.86126756854355,"[6629899060, 5684444144]",1.25236
21.00322125479579,105.86125114001334,"[10137277878, 10137277871]",2.82636
21.003216058015823,105.86124694906175,"[10137277878, 10137277871]",2.401189
21.003217566758394,105.86123873479664,"[10137277878, 10137277871]",1.563246
21.003111954778433,105.86125122383237,"[10137277752, 6629899060]",1.553449
21.00294129922986,105.86123747751117,"[10137756449, 10137756448]",4.158405
21.002770392224193,105.86128483526409,"[10137756451, 10137756452]",1.25236
21.002733847126365,105.86125306785107,"[10137756451, 10137756452]",2.401189
21.002693194895983,105.86124476976693,"[10137756451, 10137756452]",3.550031
21.002680035308003,105.86123362183571,"[10137756451, 10137756452]",4.802379
21.002662517130375,105.8612409979105,"[10137756451, 10137756452]",4.275065
21.002611638978124,105.86127779446542,"[10137756451, 10137756452]",0.94212
21.002488089725375,105.86131576448679,"[10137756452, 10137756456]",2.51342
21.002298993989825,105.86126782000065,"[10137756444, 10137756443]",0.519774
21.002130936831236,105.86130017414689,"[10137756444, 10137756443]",2.194249
21.001986684277654,105.86131752468646,"[10137756444, 10137756443]",2.711877
21.001963885501027,105.86132548749447,"[10137756444, 10137756443]",3.230194
21.001891046762466,105.86135574616492,"[10137756445, 317910549]",3.34309
21.001732628792524,105.86144099012017,"[10137756445, 317910549]",3.757079
21.00161561742425,105.86158976890147,"[10137277781, 10137277782]",8.880428
21.001509753987193,105.86151366122067,"[10137277781, 10137277782]",0.103955
21.001478154212236,105.86151458323002,"[10137277781, 10137277782]",0.311864
21.00130825303495,105.86151475086808,"[10137277781, 10137277782]",2.194249
21.001229379326105,105.86151718162,"[10137277781, 10137277782]",2.815497
21.001226361840963,105.86150117218494,"[10137756445, 317910549]",4.491935
21.001218650490046,105.86148859933019,"[10137756445, 317910549]",3.239666
21.001220662146807,105.86150385439396,"[10137277781, 10137277782]",4.181703
21.00121353752911,105.86149689741433,"[10137756445, 317910549]",3.964217
21.001078924164176,105.86151491850615,"[10137756447, 317910549]",3.516954
21.00090617313981,105.86149362847209,"[6018047258, 10137756447]",1.459571
21.000709449872375,105.86148273199797,"[10137756417, 10137756427]",2.194249
21.000542733818293,105.86148566566408,"[10137756427, 6018047258]",0.332136
21.000512475147843,105.86148583330214,"[10137756436, 10137756427]",0.0
21.000501327216625,105.86148566566408,"[10137756436, 10137756427]",0.103955
21.000470565631986,105.86154039949179,"[10137756438, 10137756436]",1.995524
21.000446677207947,105.86157292127609,"[10137756438, 10137756437]",0.891775
21.00043259561062,105.8616707380861,"[10137277788, 5709913465]",2.991028
21.00042002275586,105.86185866035521,"[5709913464, 10137277788]",1.107119
21.000410970300436,105.86186855100095,"[10137277809, 5709913464]",0.110712
21.000386076048017,105.86189772002399,"[10137277809, 5709913464]",2.769749
21.0003765206784,105.86190987378359,"[10137745311, 10137277809]",2.297697
21.000370820984244,105.86191557347775,"[10137745311, 10137277809]",1.770695
21.00036034360528,105.86193493567407,"[10137745311, 10137277809]",0.103955
21.000310219824314,105.86202294565737,"[10137745302, 5709913455]",0.110712
21.00029689259827,105.86203292012215,"[10137745302, 5709913455]",1.328543
21.00019915960729,105.86209352128208,"[10137745302, 10137745301]",1.355939
21.00018591620028,105.86210575886071,"[10137745302, 10137745301]",2.401189
21.000157669186592,105.86213434115052,"[10137745301, 6413899096]",2.106093
21.000126572325826,105.86214347742498,"[10137745301, 6413899096]",1.443004
21.00011852569878,105.86213325150311,"[10137745301, 6413899096]",2.216677
21.00008969195187,105.86213417351246,"[10137745283, 10137745301]",4.285088
21.00000654347241,105.86214045993984,"[10137745283, 10137745301]",3.975024
20.999963376671076,105.86213953793049,"[10137745283, 10137745301]",3.447683
20.999854495748878,105.86213652044535,"[10137745284, 10137745283]",1.988166
20.99983303807676,105.86214364506304,"[10137745284, 10137745283]",2.505547
20.99976715631783,105.86216703057289,"[10137745284, 10137745283]",4.18308
20.999735724180937,105.86218806914985,"[10137745284, 10137745283]",5.953184
20.999704962596297,105.86220382712781,"[10137745284, 10137745283]",7.309499
20.99962349049747,105.86223098449409,"[10137745284, 10137745283]",9.193822
20.999593064188957,105.86223316378891,"[10137745284, 10137745283]",9.090322
20.999398939311504,105.86223961785436,"[10137745284, 10137745283]",7.734136
20.99937521852553,105.8622288890183,"[10137745284, 10137745283]",6.27462
20.999352168291807,105.86220994591713,"[10137745284, 10137745283]",4.07969
20.999325262382627,105.8621873985976,"[10137745284, 10137745283]",1.460054
20.999297685921192,105.86218387819827,"[10137745284, 10137745283]",0.839249
20.999218225479126,105.86216887459159,"[10137745304, 317910544]",1.426657
20.99909769371152,105.86218471638858,"[10137745309, 10137745304]",1.460054
20.999056873843074,105.86218547075987,"[10137745309, 10137745304]",1.988166
20.99892335012555,105.86220516823232,"[10137745309, 10137745285]",1.460054
20.998887391760945,105.86222159676254,"[10137745309, 10137745285]",0.207979
20.99883148446679,105.86224221624434,"[10137745309, 10137745285]",1.252773
20.99881438538432,105.86224045604467,"[10137745309, 10137745285]",0.839249
20.9987136349082,105.86224514991045,"[10137745285, 10137745303]",0.103989
20.998643394559622,105.86227792315185,"[10137745305, 10137745303]",2.816429
20.998538453131914,105.86232997477055,"[10137745305, 10137745303]",7.102406
20.998358158394694,105.86235788650811,"[10137745305, 10137745303]",8.044594
20.998324966058135,105.86235461756587,"[10137745305, 10137745303]",7.413064
20.998283475637436,105.86235201917589,"[10137745305, 11876062143]",5.177999
20.998256653547287,105.86235076189041,"[10137745305, 11876062143]",2.361852
20.998193873092532,105.8623113669455,"[10137745286, 10137745305]",1.356387
20.99814835935831,105.86230625398457,"[10137745286, 10137745305]",0.311968
20.998120279982686,105.86230591870844,"[10137745286, 10137745305]",0.103989
20.998077364638448,105.86230281740427,"[10137745286, 10137745305]",0.942429
20.998006034642458,105.86230432614684,"[10137745287, 10137745286]",1.563764
20.997811490669847,105.86232268251479,"[10137745287, 10137745286]",1.667509
20.99770076572895,105.86239082738757,"[10137745287, 10137745286]",4.18308
20.997603116557002,105.86243273690343,"[10137745287, 10137745286]",7.516641
20.997406393289566,105.86243634112179,"[10137745306, 10137745287]",5.746139
20.997393233701587,105.86243248544633,"[10137745306, 10137745287]",5.125457
20.99736892618239,105.86243005469441,"[10137745306, 10137745287]",4.700427
20.997355598956347,105.86242728866637,"[10137745306, 10137745287]",4.18308
20.99731285125017,105.86240683682263,"[10137745306, 10137745287]",1.678498
20.997224086895585,105.8623113669455,"[98017062, 98017061]",3.13731
20.997179578989744,105.86229393258691,"[10137277803, 10137277802]",1.884859
20.997142028063536,105.86230893619359,"[10137277803, 10137277802]",3.033925
20.99706307053566,105.86237205192447,"[10115955500, 98017060]",1.252773
20.996924433857203,105.86240708827972,"[10115955500, 98017060]",3.13731
20.996884535998106,105.86240708827972,"[10115955500, 98017060]",2.724046
20.996870957314968,105.86242435500026,"[10137745290, 10137745289]",2.746463
20.996846398338675,105.8624482434243,"[10137745291, 10137745290]",1.819512
20.996833154931664,105.86244698613882,"[10137745291, 10137745290]",2.804956
20.99678797647357,105.86241555400193,"[10135862430, 98017060]",0.696065
20.996728716418147,105.86243416182697,"[7920620916, 98017060]",3.65475
20.996666019782424,105.86245469748974,"[10135862428, 7920620916]",4.590856
20.996662583202124,105.86249065585434,"[10135862429, 10135862428]",2.252843
20.996682699769735,105.86252703331411,"[10135862429, 10135862428]",0.760857
20.996693931519985,105.8625275362283,"[10135862429, 10135862428]",0.531603
20.996676832437515,105.86252183653414,"[10135862429, 10135862428]",0.430439
20.996654955670238,105.86253474466503,"[10135862429, 10135862428]",2.382251
20.996503997594118,105.8625930827111,"[10135862433, 5689955919]",0.103989
20.996434846892953,105.86269944906235,"[10135862433, 5689955919]",7.262799
20.996413473039865,105.86273733526468,"[10135862433, 5689955918]",8.522591
20.99639218300581,105.862772539258,"[10135862433, 5689955918]",5.078221
20.99637013860047,105.86278016678989,"[10135862433, 5689955918]",2.506241
20.99631548859179,105.8627228345722,"[10135862433, 5689955918]",1.182674
20.996308028697968,105.8627104293555,"[10135862433, 5689955918]",1.426657
20.996308783069253,105.86269676685333,"[10135862433, 5689955918]",0.835414
20.9963062684983,105.86269475519657,"[10135862433, 5689955918]",1.079739
20.996294198557734,105.86274605244398,"[10135862437, 5689955918]",3.762602
20.996329318732023,105.86283439770341,"[10135862437, 5689955918]",1.616161
20.99637122824788,105.86300052702427,"[10139155841, 10139155840]",1.426657
20.996394865214825,105.86322247982025,"[11921518186, 11442636949]",1.291316
20.996429482474923,105.86340855807066,"[11921518186, 10139155855]",6.956078
20.99648656323552,105.86352397687733,"[11921518186, 10139155855]",5.078221
20.99650793708861,105.86352867074311,"[11921518186, 10139155855]",3.060571
20.99650709889829,105.86356597021222,"[11921518186, 10139155855]",4.486889
20.99651288241148,105.86369521915913,"[10139155855, 8115239843]",7.828646
20.99656568840146,105.86389915086329,"[10139155842, 10139155855]",10.400236
20.996574824675918,105.86393712088466,"[10139155842, 10139155855]",10.747776
20.996659146621823,105.86411205120385,"[10139155843, 10139155842]",9.269223
20.99666585214436,105.86413954384625,"[10139155843, 10139155842]",9.615576
20.99674598313868,105.86434112861753,"[10139155844, 10139155843]",9.461393
20.99674799479544,105.86436937563121,"[10139155844, 10139155843]",10.296598
20.996714299544692,105.86450985632837,"[10907662277, 8115239842]",11.940035
20.996726034209132,105.86451379582286,"[10907662277, 8115239842]",13.328134
20.99674405530095,105.86454656906426,"[10907662277, 8115239842]",16.623811
20.996808344498277,105.86472183465958,"[10139155844, 10139155843]",16.941678
20.996890822425485,105.86491436697543,"[10139155844, 10139155843]",15.411645
20.996899539604783,105.8649642392993,"[10139155844, 10139155843]",16.246945
20.99695804528892,105.86500992067158,"[10139155844, 10139155843]",11.967096
20.99698922596872,105.86519189178944,"[10139155856, 5709990999]",6.765822
20.996999368071556,105.86534142494202,"[10139155857, 10139155856]",19.485034
20.997158959507942,105.86544904857874,"[10284870906, 10139155857]",6.956078
20.997110176831484,105.86548626422882,"[10284870936, 10284870905]",6.463968
20.997091233730316,105.8654938917607,"[10284870936, 10284870905]",6.463968
20.996984029188752,105.86554083041847,"[10284870936, 10284870905]",6.133064
20.996961649507284,105.86554166860878,"[10284870936, 10284870905]",7.028786
20.99684229120612,105.8655718434602,"[10284870904, 10284870936]",8.917192
20.99669518880546,105.86561132222414,"[10284870904, 10284870936]",11.039516
20.99653383716941,105.86574325338006,"[10284870924, 10284870904]",4.536555
20.996484216302633,105.86577468551695,"[10284870924, 10284870904]",3.446032
20.996334934607148,105.86584936827421,"[10284870924, 10284870904]",1.986181
20.996195459738374,105.86587619036436,"[10284870926, 10284870925]",3.745841
20.996048441156745,105.86585205048323,"[10284870929, 10284870928]",7.383242
20.995857333764434,105.86581693030894,"[10284870929, 10284870928]",11.126858
20.995825733989477,105.86581634357572,"[10284870929, 10284870928]",11.230848
20.995632698759437,105.8658017590642,"[10284870940, 10284870929]",12.791167
20.995596824213862,105.86578784510493,"[10284870940, 10284870929]",14.246968
20.995405297726393,105.86579564027488,"[10284870940, 10284870929]",13.519066
20.99523422308266,105.86582288146019,"[10284870940, 10284870929]",10.81489
20.99507345817983,105.86591684259474,"[10284870930, 10284870940]",1.039893
20.994886374101043,105.8658998273313,"[10284870943, 10284870930]",2.807712
20.994843458756804,105.86590896360576,"[10284870943, 10284870930]",1.871808
20.99470649845898,105.86599973961711,"[5709990993, 10284870945]",1.247872
20.994524778798223,105.86598666384816,"[5709990993, 10284870945]",0.0
20.994354374706745,105.86593067273498,"[10284870931, 10284870943]",0.415957
20.99416946992278,105.86588306352496,"[10284870931, 10284870943]",4.575531
20.993995796889067,105.86582916788757,"[10284870931, 10284870943]",10.190954
20.99393636919558,105.86581357754767,"[10284870931, 10284870943]",11.750794
20.993845760822296,105.86578013375401,"[8265778893, 8265778892]",6.971135
20.99381566978991,105.8657898567617,"[8265778893, 8265778892]",6.791868
20.993791446089745,105.86580125615001,"[8265778892, 8265778891]",8.014064
20.99368072114885,105.86580351926386,"[8265778892, 8265778891]",8.741416
20.993670159950852,105.86580469273031,"[8265778892, 8265778891]",8.949248
20.99365632981062,105.86580896750093,"[8265778892, 8265778891]",9.468856
20.993652138859034,105.86582313291728,"[10284870931, 10284870943]",10.81489
20.99362565204501,105.86585909128189,"[10284870946, 10284870931]",7.072141
20.993517693132162,105.86599035188556,"[5709990993, 10284870945]",0.519947
20.993375619873405,105.8660710696131,"[10284870872, 10284870871]",1.871808
20.993225499987602,105.86616888642311,"[10284870875, 10284870876]",3.777087
20.993152325972915,105.86632546037436,"[10284870877, 10284870878]",3.985604
20.993130365386605,105.86653894744813,"[5629422913, 6684871875]",5.42485
20.993082337081432,105.86670197546482,"[5629422913, 6684871875]",0.0
20.993049731478095,105.86683298461139,"[5629422913, 6684871875]",3.653471
20.993067417293787,105.86703549139202,"[5629422913, 6684871875]",1.882091
20.993128437548876,105.8671540953219,"[5629422913, 6684871875]",4.760583
20.993293561041355,105.86727923713624,"[10284870878, 10284870880]",11.403731
20.99333387799561,105.86727865040302,"[10284870878, 10284870880]",15.832047
20.99352733232081,105.8672989346087,"[10284870849, 10284870852]",12.062762
20.993551136925817,105.86730748414993,"[10284870849, 10284870852]",11.230848
20.99355038255453,105.86730882525444,"[10284870849, 10284870852]",11.022869
20.99352004006505,105.86731678806245,"[10284870849, 10284870852]",10.190954
20.993495397269726,105.86731913499534,"[10284870849, 10284870852]",9.982976
20.993479639291763,105.86731578223407,"[10284870849, 10284870852]",10.294944
20.99346966482699,105.86731838062406,"[10284870849, 10284870852]",10.086965
20.993452398106456,105.86733447387815,"[10284870850, 10284870849]",8.607381
20.993429264053702,105.86735869757831,"[10284870850, 10284870849]",7.249474
20.993432197719812,105.86741753853858,"[10284870853, 10284870847]",2.183776
20.99343739449978,105.8676197938621,"[10284870848, 10284859802]",1.217824
20.993510987609625,105.8676422573626,"[10284870854, 10284859801]",3.951595
20.993481650948524,105.86766296066344,"[10284870850, 10284870849]",1.660668
20.99344862625003,105.86766832508147,"[10284859801, 10284859802]",1.247872
20.99333974532783,105.8677133359015,"[10284859805, 10284859804]",0.616974
20.993293058127165,105.86774912662804,"[10284859806, 10284859805]",0.303781
20.99321418441832,105.8678132481873,"[10284859808, 10284859807]",1.418792
20.99316623993218,105.86788298562169,"[10284870809, 10284859808]",2.853313
20.993162551894784,105.86793914437294,"[10284870810, 10284870809]",2.11377
20.993197252973914,105.86797283962369,"[10284870811, 10284870810]",1.660668
20.99321711808443,105.8679963927716,"[10284870811, 10284870810]",3.986961
20.99323656409979,105.86801483295858,"[10284870811, 10284870810]",6.200701
20.993110332638025,105.8681153319776,"[5710080995, 6684871873]",2.103513
20.992949483916163,105.86823754012585,"[6684871870, 5710080995]",15.832047
20.99294294603169,105.86827475577593,"[6684871870, 5710080995]",16.496301
20.992933977395296,105.86831104941666,"[6684871870, 5710080995]",17.492683
20.992887038737535,105.8685162384063,"[6684871870, 5710080995]",22.918168
20.992825934663415,105.86859787814319,"[6684871870, 5710080995]",29.671339
20.99281495437026,105.86865319870412,"[6684896599, 6684896600]",28.619552
20.992805818095803,105.86865479126573,"[6684896599, 6684896600]",29.001725
20.99281537346542,105.86865227669477,"[6684896599, 6684896600]",28.701616
20.992832891643047,105.86863475851715,"[6684896599, 6684896600]",28.851661
20.992919728159904,105.86862478405237,"[6684871870, 5710080995]",19.264035
20.99297806620598,105.86859502829611,"[6684871870, 5710080995]",12.842924
20.993043445050716,105.86857298389077,"[6684871870, 5710080995]",5.646273
